이름,주소,답안
류동영,경상북도 청도군 뒷마2길,메뉴
유지수,경상북도 문경시 청암3길,목욕탕
권민식,경기도 안양시 동안구 동편로49번길,야채
차동혁,전라북도 정읍시 순촌1길,학교
주남현,서울특별시 은평구 갈현로23길,초보자
배태유,경상남도 창원시 성산구 외리로,서클
심상태,충청남도 서산시 상홍1길,라이터
김인준,서울특별시 노원구 덕릉로108길,다툼
지세형,서울특별시 강동구 양재대로123길,열흘
오선은,전라북도 완주군 신리신흥길,양념
손세창,전라북도 익산시 고도3길,추측
구성일,광주광역시 북구 효산로6번길,한복
문효준,전라남도 목포시 수문로86번길,사촌
심민호,광주광역시 광산구 빛동6로가길,위험성
곽상남,부산광역시 금정구 중앙대로2035번길,레이저
심준호,충청남도 서산시 홍천은틀길,식빵
문정현,전라북도 익산시 기양길,코끝
오도신,경기도 화성시 금곡로163번길,대기업
주동갑,강원도 원주시 현충로322번길,승리
고범진,경상북도 봉화군 압동1길,꿈속
신기방,충청남도 서천군 문장길23번길,소아과
송우석,전라북도 무주군 소천강변로,멸치
류문식,경기도 양평군 관교길,소유자
장상원,서울특별시 강남구 언주로140길,입력
한지우,충청남도 홍성군 산업로35번길,내용물
진승수,경상북도 영천시 호남안길,군인
황필준,서울특별시 서대문구 거북골로14길,속담
곽윤찬,충청남도 서산시 독곶논골길,개개인
신일택,강원도 강릉시 강릉대로179번길,바나나
곽병철,경상북도 상주시 원신촌길,아무것
임규필,경기도 양평군 송골길,스튜디오
진강섭,경기도 의정부시 입석로55번길,출퇴근
고지용,광주광역시 북구 자라봉로,밤낮
송민교,경상북도 칠곡군 신동로2길,필름
양석광,부산광역시 사상구 냉정로4번길,비행기
강승주,서울특별시 용산구 독서당로29길,기러기
안영수,경상남도 창원시 성산구 공단로166번길,소비자
성문학,인천광역시 강화군 불은남로339번길,학비
손태원,경상남도 김해시 마사로229번안길,촛불
배철현,경상북도 포항시 북구 해안로2394번길,솜씨
장태원,서울특별시 구로구 신도림로17길,앞쪽
백서하,인천광역시 강화군 교동북로169번길,토마토
허혁풍,부산광역시 서구 초장로27번길,신혼부부
양대현,전라남도 순천시 금치대치길,시리즈
임재원,경기도 파주시 엘지로169번길,등록증
백교환,서울특별시 강남구 테헤란로78길,작은어머니
차필준,강원도 홍천군 장평여내길,신문사
서덕현,강원도 강릉시 박월길,욕실
최유환,서울특별시 마포구 성미산로6길,특별
권승완,경기도 성남시 중원구 희망로406번길,인원
박상태,서울특별시 성동구 성수이로20길,사업자
임세윤,경기도 시흥시 시흥대로935번길,주스
우동호,전라남도 목포시 하당로205번길,처녀
남정수,전라북도 익산시 금마길,관광버스
문영빈,충청북도 청주시 상당구 영운천로,낚시꾼
우필준,경기도 평택시 비전9길,휴지통
유은호,경상북도 성주군 매수이천2길,내달
오우진,서울특별시 노원구 동일로193길,스위스
한범용,경상남도 창원시 마산합포구 반월동3길,친절
홍별은,전라남도 나주시 재신길,사춘기
안태주,충청남도 보령시 여르문이길,몸통
송인형,충청남도 청양군 간곡길,구멍
한성환,경기도 시흥시 마유로70번길,인터넷
우찬우,부산광역시 부산진구 엄광로69번길,동물
홍상규,강원도 속초시 중앙로428번길,진달래
지은석,서울특별시 강북구 도봉로96가길,환경오염
주용우,경상북도 김천시 덕남3길,아침
정선호,울산광역시 남구 대학로161번길,공중전화
양도훈,충청북도 제천시 죽하로11길,통합
강신범,부산광역시 사하구 장평로,달리기
송강섭,전라남도 영암군 종합공원길,준비물
장승훈,대전광역시 대덕구 덕암로137번길,흐름
주동규,전라북도 군산시 말도2길,대부분
황지우,서울특별시 강서구 초록마을로7가길,허용
이유강,전라남도 목포시 북항주택로3번안길,준비
정규진,부산광역시 강서구 녹산산단262로59번길,쓰레기통
박신구,전라북도 김제시 어전길,울음소리
송철호,경상남도 창원시 진해구 조천로35번길,기업인
손태진,인천광역시 연수구 신송로,여대생
정준석,대구광역시 남구 명덕로22길,통역
남보강,강원도 동해시 녹등길,민족
임동희,충청남도 아산시 시장길15번길,수준
홍태산,충청남도 태안군 시장8길,눈병
한철민,전라북도 완주군 신포2길,팩스
백정수,전라남도 강진군 마량연동3길,필수적
홍도형,강원도 인제군 귀둔길,연구실
서준목,경상북도 포항시 북구 해안로221번길,뿌리
지서준,경상남도 산청군 지리산대로699번길,긴급
서민현,서울특별시 성북구 정릉로10가길,장애인
전재필,경기도 안성시 대소길,토끼
황태산,전라북도 정읍시 보화1길,우체국
나선용,대전광역시 서구 도솔로279번길,노란색
우남현,충청남도 홍성군 광금남로469번길,전통적
민도현,충청남도 아산시 금곡천1길,마당
류두봉,경상북도 성주군 도흥2길,티셔츠
최종민,서울특별시 서초구 반포대로13길,벨트
홍경수,전라남도 목포시 양을로117번길,발등
손석훈,경상북도 구미시 상사동로,수컷
홍상호,경상남도 남해군 흥선로790번길,엔진
이상윤,경기도 의정부시 부용로219번길,학번
지동완,경기도 연천군 숭의전로237번길,유치원
심해준,충청북도 단양군 밤수동1길,민간
최선용,서울특별시 동작구 사당로17다길,현대인
나철호,경상북도 경산시 임당로12길,앞날
노석훈,충청남도 서산시 양대3길,세계관
황성웅,인천광역시 부평구 동수로188번길,달걀
우대곤,경기도 가평군 다락재로,청바지
하대한,경상남도 창원시 마산회원구 회원동10길,돌멩이
서민호,충청남도 홍성군 충서로400번길,일상생활
장우석,부산광역시 남구 용소로19번길,아쉬움
황기방,경기도 화성시 안념길150번길,실내
백종원,제주특별자치도 제주시 신광로6길,궁극적
오희주,경상북도 안동시 풍요2길,졸업
장성일,전라북도 군산시 회현초교1길,뚜껑
진용운,경기도 용인시 기흥구 신구로43번길,평소
전신하,경기도 양주시 삼일로479번길,송아지
주영수,서울특별시 강북구 오패산로58길,겨울철
김권후,서울특별시 성북구 북악산로29길,토론자
권상균,경상북도 경주시 용황로3길,스키장
유상남,전라남도 여수시 고내2길,관련
송원길,부산광역시 연제구 거제천로23번길,핸드백
주승현,서울특별시 영등포구 도림로125가길,홍차
서범용,강원도 삼척시 궁촌4길,노랫소리
임병옥,경기도 부천시 소사로126번길,본격적
진용범,경기도 남양주시 진관로363번길,가운데
심범수,인천광역시 남동구 고잔로61번길,학부모
조정민,강원도 횡성군 주천강로월현1길,추억
황인혁,경상북도 영덕군 예주8길,옷차림
한자성,경기도 김포시 김포한강1로51번길,머리말
홍요한,인천광역시 강화군 와말길178번길,시골
문신구,강원도 원주시 정골길,저녁
홍교환,서울특별시 서대문구 포방터2라길,이름
조선국,전라북도 정읍시 2산단2길,하나하나
고교환,강원도 홍천군 덕탄길,미움
홍세창,경상북도 청송군 황목길,냄새
서지홍,부산광역시 중구 대영로226번안길,적극
윤오영,경기도 의정부시 평화로49번길,컨디션
민범진,충청남도 금산군 동석길,한국적
민유석,경상남도 창원시 마산회원구 중리공단로4길,서랍
배종봉,충청남도 천안시 서북구 연봉2길,마무리
전성호,전라남도 완도군 장보고대로,걱정
임강훈,경기도 김포시 천호로116번길,생활수준
박동신,충청북도 제천시 옥전2길,삼국
윤방원,강원도 삼척시 오분안길,잠깐
이석훈,충청남도 부여군 지선로51번길,햇빛
문일수,대구광역시 수성구 들안로40길,중학생
신준목,광주광역시 서구 용두학동길,아랫사람
이방원,제주특별자치도 제주시 수덕1길,경찰관
오준영,광주광역시 남구 봉선1로73번길,외갓집
진주봉,충청북도 충주시 대가미9길,침묵
손신일,충청남도 청양군 유의각길,사회생활
최태유,충청북도 괴산군 문무로사창1길,가입
안우종,경상남도 창원시 마산회원구 석전동7길,주택
임명진,경상남도 창원시 의창구 창이대로469번길,신혼여행
노진무,경기도 하남시 초이로80번길,에어컨
우재진,경기도 화성시 버들로1504번길,통로
김사권,서울특별시 종로구 평창23길,오늘날
장강현,부산광역시 강서구 가덕해안로1208번길,테러
김별은,경기도 고양시 덕양구 세솔로2길,약품
안진무,충청남도 서천군 한산모시길21번길,불빛
하성환,강원도 홍천군 지왕동길,심리적
민신하,전라북도 익산시 동연1길,무릎
권찬기,대전광역시 중구 대흥로121번길,큰아버지
오상우,울산광역시 동구 문현6길,지우개
김현욱,대구광역시 동구 공항로52길,한번
안동혁,광주광역시 동구 준법로25번길,소극적
황시후,경상남도 창원시 마산합포구 완월동6길,게임
신동원,광주광역시 남구 회재로1231번길,마음가짐
이신범,경상남도 거제시 신부로4길,사용자
고인혁,강원도 홍천군 홍천로3길,실습
이주용,경상북도 경산시 하양로,좌석
윤지수,서울특별시 성북구 한천로89길,깡패
윤문식,울산광역시 남구 번영로173번길,이용자
허종민,대구광역시 달성군 비슬로497길,여학생
류방원,충청남도 천안시 동남구 우영1길,신제품
허재정,충청북도 괴산군 임꺽정로,세미나
곽세윤,경상남도 사천시 배고개3길,재활용품
정도완,경기도 하남시 세미로1길,쇠고기
성성훈,경기도 양평군 흥청길18번길,앞뒤
양원길,대구광역시 남구 앞산순환로,인사말
권모범,경상북도 영천시 주남1길,부품
송상남,경기도 화성시 화성로1155번길,대낮
최동규,서울특별시 서대문구 통일로39나길,타자기
구호근,대전광역시 유성구 신성남로95번길,치과
양광민,경상남도 진주시 향교로108번길,교육비
차강현,경기도 안성시 내둔길,골프장
손영빈,경상북도 구미시 형곡로35길,냄비
박인배,대전광역시 유성구 자운로245번길,지난날
고선준,충청북도 영동군 동정로2길,출근
류인형,경기도 양평군 십리길17번길,사회적
임대명,경기도 안산시 단원구 초지서로,선생님
오재필,서울특별시 강남구 양재대로39길,햄버거
정강섭,경기도 성남시 중원구 자혜로32번길,이튿날
안경식,전라북도 익산시 삼기북길,번역
홍재경,강원도 횡성군 한우로307번길,논문
최종철,경상남도 양산시 신주신정아랫길,여고생
차장수,충청남도 서천군 장항산단3길,기성세대
심광석,경기도 여주시 능서공원길,일등
윤대환,전라북도 부안군 서신2길,외로움
신신형,광주광역시 남구 판촌길,처지
양철민,부산광역시 서구 중앙공원로11번길,된장
백정현,부산광역시 금정구 범어천로52번길,목욕
노한홍,충청북도 청주시 서원구 구룡산로51번가길,핑계
하해일,서울특별시 금천구 금하로24다길,덕분
최성호,강원도 강릉시 유다리길65번길,종소리
김재필,제주특별자치도 제주시 한원복5길,사회자
곽성민,경상남도 사천시 수남6길,시내버스
서상남,경상북도 김천시 아랫장터8길,참기름
배도환,서울특별시 송파구 마천로43길,중심지
남신하,전라북도 고창군 연화새터길,모집
박범진,경기도 남양주시 진건오남로759번길,시대적
배지원,대전광역시 동구 천개동로59번길,닷새
유제기,경상남도 창원시 의창구 의안로70번길,지하도
양태수,전라북도 익산시 덕기1길,국제적
주신범,충청북도 충주시 황토골2길,소지품
김서하,서울특별시 서대문구 동교로,독일어
류선익,충청남도 태안군 다락미2길,혜택
김원호,인천광역시 강화군 강화대로1262번길,과외
나재우,충청북도 청주시 흥덕구 청주역로551번길,기본적
강찬욱,울산광역시 울주군 서리길,시스템
류민현,서울특별시 동작구 국사봉1길,집중적
장재진,경기도 화성시 삼존로124번길,칭찬
류보강,경기도 포천시 옥수로327번길,효율적
황단율,경상남도 진주시 문정로592번길,샤워
백은호,전라북도 전주시 완산구 원색장길,가뭄
한인배,제주특별자치도 서귀포시 하효로,법률
문민재,대구광역시 달성군 지동길,아줌마
하지수,경상북도 경산시 무학로3길,악몽
송용우,대구광역시 남구 명덕로42길,이웃
안효준,광주광역시 동구 지호로127번길,배꼽
양동석,충청남도 금산군 술내미길,도시락
주민상,강원도 동해시 공단9로,근본
차종환,경상북도 경주시 소금강로57번길,윗몸
성세형,경상남도 창원시 의창구 동전산단동로37번길,레저
오방원,인천광역시 강화군 생설미길,종업원
지왕석,경기도 안양시 만안구 만안로111번길,내년
임선은,전라북도 익산시 서동로12길,여동생
전태유,대구광역시 북구 대구체육관로2길,하나님
홍상원,서울특별시 동작구 성대로37길,클래식
우종봉,대전광역시 서구 계룡로354번길,아까
양광재,충청남도 부여군 국사로93번길,뒷모습
이현민,인천광역시 동구 솔빛로60번길,수도권
윤성빈,경상북도 칠곡군 득명2길,그간
한한홍,경상남도 진주시 두문길111번길,대학교수
노두진,충청남도 금산군 화엄로,전문직
주정섭,서울특별시 관악구 봉천로43길,속마음
손영주,인천광역시 부평구 부평문화로66번길,두통
오혁범,경상남도 거창군 용당소2길,본인
우진무,경상남도 진주시 동부로67번길,종교적
손찬기,서울특별시 서초구 동광로12가길,신입생
조호림,강원도 강릉시 신대학길,무늬
류은석,서울특별시 구로구 개봉로23길,철학
고희성,경상남도 창원시 의창구 소계로94번길,면적
주유석,서울특별시 동대문구 이문로54길,편의점
배재정,서울특별시 중구 다동길,엉터리
남지홍,경기도 의정부시 외미로82번길,피해자
양해준,인천광역시 남동구 석정로566번길,가까이
조인범,충청북도 괴산군 각연2길,손해
주규필,서울특별시 성동구 무학봉12길,그해
임주용,경기도 안성시 백성1길,만점
우석훈,부산광역시 수영구 연수로270번길,답장
차석훈,대전광역시 서구 한밭대로608번길,문화재
전건우,충청남도 공주시 연미산길,생활
장석규,충청북도 괴산군 금신로1길,재채기
이승수,경기도 양주시 부흥로1398번길,집단
오강훈,울산광역시 남구 돋질로389번길,파도
주동범,대전광역시 대덕구 대전로1364번길,색연필
양유덕,충청북도 음성군 금왕테크노1길,고추장
박승환,강원도 인제군 신월안길,상대성
송영주,대구광역시 북구 오봉로10길,예술가
양남현,경상남도 창원시 마산회원구 봉암공단3길,즉시
심진승,인천광역시 강화군 대룡안길54번길,벤치
권혁권,서울특별시 마포구 대흥로8길,인상적
권영수,경기도 화성시 삼존서길,배드민턴
홍일수,충청남도 홍성군 홍남로606번길,할머니
전영준,서울특별시 용산구 회나무로44나길,서비스
문상욱,부산광역시 기장군 차성동로30번길,꽃씨
한일수,대구광역시 수성구 공경로,등록금
권우석,경기도 수원시 장안구 수성로189번길,갈비탕
성재형,전라남도 곡성군 능파1길,외교관
박장수,광주광역시 광산구 신안길,옛날이야기
송남길,경기도 김포시 김포대로1759번길,오빠
구종봉,경기도 부천시 중동로88번길,눈동자
노천식,경상북도 상주시 금도랑길,여유
류대우,경기도 안성시 금석길,옛날
하유덕,충청남도 아산시 둔포면로25번길,하반기
지자성,경상남도 거창군 정장3길,폭력
진승환,전라북도 완주군 원이성1길,접근
한재광,제주특별자치도 제주시 봉개4길,가로수
류형석,전라남도 곡성군 읍내11길,연극
임진무,전라북도 익산시 우주로,참석자
양규식,전라북도 부안군 옹중서원길,고모부
곽경수,제주특별자치도 제주시 고산남6길,온도
김교환,경상북도 칠곡군 애국동산로,주름살
차선용,경상남도 고성군 이당8길,테이블
배본준,부산광역시 기장군 삼성3길,칠판
임경식,경상남도 함양군 학사루3길,아드님
문기원,강원도 양구군 너분동길,치료
안대명,강원도 홍천군 원개울길,일쑤
고필준,경상북도 군위군 서경2길,우표
전민재,충청북도 청주시 흥덕구 과상미로93번길,박스
홍혁민,충청남도 공주시 사봉길,접촉
배성웅,경상남도 사천시 금막1길,나뭇잎
손선우,제주특별자치도 제주시 매촌4길,칫솔
강철민,경기도 군포시 산본로249번길,여왕
황병완,경기도 남양주시 경춘로669번길,손길
문은석,전라북도 군산시 문창3길,즐거움
배동신,경기도 양평군 강하2로,순간적
손영동,울산광역시 울주군 외황로,보람
신바다,충청북도 단양군 평동30길,바늘
이다빈,충청북도 충주시 중원산업1로,반말
서동건,충청북도 청주시 흥덕구 덕촌삼성골길,나뭇가지
윤건우,부산광역시 사하구 제석로79번안길,현대적
진도혁,전라남도 해남군 중리큰길,다양성
류태우,광주광역시 광산구 목련로2번길,원피스
배윤재,경기도 김포시 김포한강9로115번길,그전
나지환,서울특별시 광진구 뚝섬로22길,질문
임범진,경기도 이천시 설성로240번길,고등학교
송동수,울산광역시 울주군 중고산1길,무덤
주득종,대전광역시 유성구 상대복용로,객관적
나민호,경상남도 고성군 신용8길,상반기
류병완,서울특별시 강북구 솔샘로47가길,숙녀
민병완,대전광역시 동구 흥룡로,토대
진도건,대전광역시 중구 평촌로76번길,무지개
강인범,서울특별시 성북구 종암로24길,볶음
임종민,충청남도 홍성군 갈산서길301번길,닭고기
남재필,서울특별시 관악구 인헌11길,진료
차상엽,서울특별시 구로구 구로중앙로40가길,자존심
허규식,충청북도 보은군 사담길,아픔
우유환,경상남도 의령군 궁류로1길,자가용
박우종,대구광역시 북구 관음중앙로13길,장르
백경식,경기도 고양시 일산동구 백석로108번길,청소년
곽동욱,제주특별자치도 서귀포시 신양로72번길,중국어
최철민,강원도 삼척시 도계느티로,오래간만
나희주,경상남도 의령군 상일상이들11길,몸무게
남선우,경기도 여주시 느네길,고양이
주선웅,울산광역시 동구 녹수길,핸드폰
구태환,충청북도 청주시 흥덕구 오송2길,박물관
허태원,전라북도 익산시 현신길,독창적
심오성,부산광역시 북구 만덕대로115번길,프로그램
주영동,서울특별시 강남구 논현로121길,온종일
홍현욱,경상남도 사천시 수자원길,체육
송성훈,경기도 파주시 하늘소로,회관
류정욱,인천광역시 서구 청라대로,밤하늘
송상태,부산광역시 강서구 미음산단로139번가길,주먹
고재진,전라남도 장흥군 원도관덕길,재작년
손재렬,경상남도 창원시 진해구 여명로25번라길,이때
진태원,경기도 가평군 보납로18번길,간접적
안권후,전라북도 부안군 모항해변길,낭비
한세형,경상남도 창원시 의창구 의창대로180번길,보통
성영수,인천광역시 중구 운중로,오랜만
하덕중,서울특별시 송파구 성내천로53길,앨범
성래원,전라남도 광양시 지랑길,신청서
강영빈,전라북도 무주군 이남강변로,덩어리
곽마리,울산광역시 울주군 배내로,지난해
우태영,경상남도 창원시 마산회원구 합성북15길,출입국
곽용운,충청남도 천안시 동남구 대평원길,아나운서
민정철,대전광역시 서구 도솔로308번길,앞바다
주권후,대구광역시 달성군 논공로21길,속옷
손주환,대전광역시 동구 가양남로27번길,세계적
윤재형,부산광역시 동래구 여고로63번다길,요즈음
류승국,경상북도 경산시 김유신로,평균
노도환,강원도 원주시 모란2길,권위
곽인형,경기도 고양시 일산서구 송산로23번길,남녀
구규필,서울특별시 용산구 보광로21길,생명
정교환,서울특별시 영등포구 당산로41나길,관광지
송규식,경기도 시흥시 옥구천서로,처벌
주선국,서울특별시 종로구 동숭길,의도적
문지빈,경상북도 포항시 북구 비학로1969번길,예약
최보강,인천광역시 서구 봉화로101번길,꼭대기
조기남,전라남도 곡성군 승법길,식생활
곽충선,충청남도 논산시 중앙로403번길,자부심
윤윤희,제주특별자치도 서귀포시 하모상가로,태권도
고민교,강원도 삼척시 도상로,개별
김도환,충청남도 금산군 신안천길,복숭아
서승현,충청북도 증평군 성도리길,간호사
문신일,제주특별자치도 서귀포시 하예로,아래쪽
서용석,전라북도 고창군 은낙길,점심
성대원,경기도 양주시 호명로,소나무
허병철,경기도 안성시 가협길,의류
주국서,경상북도 구미시 송곡6길,한마디
배강현,충청남도 아산시 송곡길21번길,설날
조우석,인천광역시 강화군 온수길38번길,외출
유지빈,부산광역시 남구 우암양달로81번길,달빛
하병완,경상남도 창원시 진해구 두동동로72번길,딸기
노범수,울산광역시 남구 와와로,책가방
조진승,서울특별시 동대문구 안암로24길,만남
권오성,경상북도 상주시 문장대1길,수도꼭지
김승환,경기도 고양시 덕양구 지도로104번길,조직
김철호,울산광역시 울주군 만화율림2길,옆집
고바다,충청남도 서천군 장서로44번길,이력서
한문식,전라북도 부안군 대초샛터길,농촌
정상윤,충청남도 천안시 동남구 화계3길,유적지
배신형,경상북도 칠곡군 연화3길,놀이터
정도현,충청북도 청주시 상당구 원병암1길,효과적
정민식,경기도 양평군 대낭골길24번길,껍질
문재정,부산광역시 강서구 미음산단로8번길,스스로
한영구,전라남도 고흥군 후동4길,휴일
유선웅,경상남도 양산시 유산공단2길,산업
문종철,경상남도 창원시 마산합포구 고현새동네길,영하
백문학,충청북도 청주시 청원구 원통숲안길,방학
문인혁,충청남도 보령시 대해로,작은딸
정원길,경기도 성남시 수정구 탄천대교로,특징
임서원,전라북도 군산시 가자길,얘기
백강섭,경상북도 포항시 남구 철강로107번길,서양
류철현,대구광역시 남구 두류공원로12길,아래층
주서하,경기도 부천시 옥산로184번길,발자국
신인형,경기도 하남시 동남로524번길,명령어
진정원,충청북도 옥천군 신매인정로,숟가락
노혁범,강원도 정선군 건천본동길,화장품
홍재렬,강원도 인제군 어은골길,자연적
이상균,부산광역시 사상구 사상로336번길,파란색
고민석,경상북도 상주시 간상3길,최악
고철호,강원도 강릉시 화부산로177번길,말투
지재경,충청남도 아산시 도흥길110번길,빛깔
지경식,전라남도 여수시 취적1길,예술
고지환,서울특별시 동대문구 천호대로83길,영웅
노시후,경상남도 밀양시 백산신촌2길,전기밥솥
조장수,전라북도 군산시 내항2길,빨간색
윤두옥,경상남도 김해시 여차로699번길,요일
황기웅,대전광역시 동구 토천1길,입맛
서오영,인천광역시 강화군 서사길105번길,운동화
차인배,경상북도 문경시 가열1길,술자리
손영운,부산광역시 동래구 동래로196번길,학위
차인혁,경상남도 김해시 가락로124번길,도움말
황정민,경기도 이천시 장여로85번길,데이트
진혁풍,경상남도 진주시 진주대로930번길,동양인
안두옥,강원도 영월군 날골길,결국
최덕중,전라남도 구례군 봉남골목1길,천둥
나태산,서울특별시 양천구 중앙로30길,북쪽
한주용,전라남도 광양시 항만4로,상류
황정욱,전라남도 담양군 담장로,시부모
권선웅,경기도 용인시 수지구 샘말로110번길,둥지
장인서,경기도 부천시 부흥로457번가길,손실
임승환,경기도 부천시 중동로414번길,겨울
허재진,경상북도 포항시 북구 장량로189번길,특수성
전상윤,충청북도 청주시 상당구 당산로89번길,샌드위치
배선호,전라남도 순천시 하풍길,위아래
윤혁범,강원도 강릉시 모산로223번길,소시지
정강현,충청남도 당진시 유두골길,삼촌
주민재,충청남도 금산군 재뒤1길,보라색
문지훈,전라남도 광양시 예구7길,업체
노윤재,인천광역시 연수구 한나루로201번길,미용실
백웅기,서울특별시 중구 명동4길,비닐봉지
배자성,충청남도 부여군 흥수로811번길,받침
주영주,충청남도 공주시 명탄서원길,국산
허동석,경기도 하남시 미사강변중앙로111번안길,대학교
우충선,전라남도 여수시 굴구지길,시즌
곽광영,전라북도 전주시 덕진구 매암길,국회
류영준,서울특별시 마포구 동교로9길,비밀
배진웅,부산광역시 영도구 근면1길,하숙집
안선웅,전라북도 전주시 완산구 오두정2길,운동복
손서하,전라북도 완주군 일임길,음식
성재정,부산광역시 금정구 부곡로141번길,국왕
안두봉,충청북도 충주시 잣고개길,모퉁이
하대현,서울특별시 강서구 강서로45가길,질적
차범수,충청남도 금산군 하막현길,가스
신민교,충청남도 천안시 동남구 화계1길,체험
임종봉,경기도 이천시 경충대로2265번길,흰색
홍마리,대전광역시 서구 영골길,옥수수
권도형,제주특별자치도 서귀포시 중산간서로594번길,화장실
고유덕,경상남도 산청군 동방실로67번길,최신
서요한,경기도 동두천시 원터강변로41번길,싸움
남동호,전라북도 무주군 상평당길,빗물
심희순,서울특별시 중랑구 사가정로52길,대중교통
심지원,경상남도 창원시 의창구 대원로33번길,울음
노규식,울산광역시 울주군 소호대곡2길,팔월
노용석,충청남도 아산시 북수북길,극장
류영석,경상남도 김해시 내덕로120번길,취업
지성현,서울특별시 금천구 두산로14길,종교
진기웅,경기도 용인시 기흥구 서그내로15번길,자연환경
이태영,제주특별자치도 서귀포시 태위로,횟수
우선용,서울특별시 강북구 삼양로138길,민주주의
우혁권,경기도 양평군 장대1길,지도자
이신형,경상남도 창원시 진해구 청안로170번길,사람
배영수,대전광역시 유성구 외삼로,범위
신동욱,부산광역시 기장군 차성남로55번길,기본
정준호,경상북도 영덕군 강구대게길,옆구리
조경남,인천광역시 동구 샛골로199번길,불이익
오찬우,전라남도 순천시 매곡4길,디자인
홍희성,경상북도 칠곡군 관호7길,국제화
하도건,전라북도 진안군 신연길,낚싯대
홍지훈,충청남도 천안시 서북구 밤개울2길,지름길
차선준,부산광역시 동래구 중앙대로1473번길,공항버스
손민교,광주광역시 북구 죽림마을길7번길,동서남북
남태진,충청북도 음성군 무극로308번길,먹이
진모범,강원도 춘천시 가암1길,올여름
윤도신,부산광역시 연제구 금련로38번나길,따님
장민현,대전광역시 서구 갈마로103번길,발톱
류태환,부산광역시 해운대구 중동1로17번길,콘서트
배바다,경기도 가평군 천현길,국립
문재필,강원도 삼척시 교곡길,스키
김범용,경기도 시흥시 함송로29번길,나흘
진요한,서울특별시 성북구 동소문로42가길,일본어
주범준,대구광역시 달서구 성서동로66길,마찰
양시후,서울특별시 구로구 개봉로15길,흑인
권오현,경기도 안산시 상록구 감골공원3길,전체적
정찬우,경상남도 창원시 진해구 용원중로17번길,기쁨
민지수,광주광역시 광산구 송정공원로23번길,지하철
지용석,경상북도 포항시 북구 사정안길43번길,프린터
노태영,경상북도 영양군 인마리1길,늦가을
윤대곤,전라남도 나주시 미천서원길,세탁기
고원섭,경상남도 진주시 대축길237번길,산속
박동갑,전라북도 김제시 청하2길,외국인
조경환,충청북도 증평군 구봉정길,점심때
심종헌,인천광역시 중구 대무의로502번길,주차장
류용석,서울특별시 송파구 가락로38길,부동산
서승환,경기도 화성시 시청로940번길,발생
허시양,경기도 안산시 단원구 구안길,결혼
고웅기,충청남도 공주시 수실1길,사모님
서현중,전라남도 나주시 영산강변로,산책
허단율,경기도 이천시 이섭대천로321번길,표현
정형석,대전광역시 유성구 둔곡달전로,공무원
박시양,전라남도 담양군 병풍샛터길,머릿속
강용석,서울특별시 동작구 사당로20나길,그다음
문경수,경상남도 김해시 삼안로297번길,예습
최인범,경상북도 구미시 신비로7길,경쟁
임유천,부산광역시 서구 구덕로244번길,막내
곽무열,경상북도 성주군 남작로4길,밤색
유대환,충청남도 계룡시 번영9길,눈썹
고진웅,광주광역시 남구 송암로24번가길,손수건
신태유,충청북도 괴산군 동추산길,여름철
곽두옥,경상남도 거창군 강천장교길,균형
고상남,충청남도 공주시 작은삼밭골길,최종
주광석,경상북도 구미시 문성로6길,정치인
배희순,부산광역시 동래구 금강로153번나길,시멘트
양시양,경기도 남양주시 금강로961번길,한가운데
유동현,경상남도 진주시 지내길205번길,진급
백유천,부산광역시 해운대구 재반로184번길,상징적
나성빈,경기도 구리시 수택천로33번길,오페라
홍재우,부산광역시 해운대구 재반로112번길,전문적
장충선,제주특별자치도 서귀포시 하모백사로14번길,티브이
백인형,전라남도 고흥군 남정중산길,매체
홍문학,서울특별시 광진구 뚝섬로64길,졸업생
양종원,전라남도 화순군 소리실길,밥솥
임준영,전라북도 순창군 동심길,메모
임준호,서울특별시 송파구 중대로23길,가치관
최태산,경상북도 안동시 머물안길,중소기업
하범준,서울특별시 성동구 독서당로62길,철도
차태산,서울특별시 강북구 한천로162길,트럭
최마리,경기도 광주시 경안로25번길,왼발
민대건,경기도 수원시 장안구 경수대로774번길,스님
차준열,서울특별시 강북구 노해로36길,그사이
양동희,강원도 횡성군 금대남4길,열쇠
문서원,인천광역시 남동구 만수로5번길,정치권
허기만,충청북도 청주시 청원구 신평중신길,고무신
진덕현,경상북도 포항시 북구 새마을로2617번길,뉴스
홍선호,충청북도 청주시 청원구 토성로176번길,건너편
민광민,강원도 태백시 하장성2길,눈앞
우덕중,경상남도 함안군 부목3길,인근
지재광,대전광역시 동구 태전로157번길,자장면
오태주,충청남도 홍성군 수덕사로261번길,치약
류병은,경상남도 함안군 구평림길,생활환경
진신하,충청남도 금산군 두지진밭들길,신문지
하인준,충청남도 논산시 안심로203번길,식료품
유동규,경상북도 영덕군 매일길,소프트웨어
문덕현,강원도 고성군 거탄진로72번길,한국말
문혁범,서울특별시 송파구 오금로24길,인격
임선용,경상남도 창원시 의창구 죽전로68번길,음료
안장수,전라북도 익산시 지종1길,줄무늬
조현우,충청남도 서천군 도삼길108번길,작은아버지
박사권,제주특별자치도 제주시 귀덕로,웃음소리
나준열,경기도 용인시 처인구 근곡로53번길,검은색
장동범,서울특별시 중구 동호로11자길,재능
홍우석,경기도 성남시 분당구 하오개로218번길,팬티
윤도완,충청남도 천안시 동남구 청수1길,과학적
김마리,서울특별시 서초구 신반포로41길,학년
진영운,전라남도 곡성군 입석상입길,육체적
최정원,강원도 춘천시 장학길,혈액
남은석,충청남도 천안시 동남구 다가말4길,연구자
성혁민,전라남도 장흥군 어산운주길,책임자
이민기,경기도 고양시 덕양구 향기5로,야구장
고동수,경기도 여주시 여양2로,한여름
유지우,전라남도 장흥군 산정구평길,복습
박래원,경기도 의왕시 봇들4길,코너
임광재,서울특별시 강북구 한천로109길,점심시간
서혁일,대구광역시 수성구 달구벌대로617길,아스팔트
황영동,울산광역시 남구 선암로27번길,처음
신본준,충청북도 충주시 창동2길,얼마
이동욱,경기도 김포시 풍무로238번길,일반인
송광석,전라남도 고흥군 신기뒷길,비난
진종환,경상남도 창원시 마산합포구 죽전안담길,관계자
백상원,경기도 양주시 경동대학로,그때
허동규,경기도 화성시 마도서길127번길,초청장
심우진,인천광역시 동구 운교로,뜻밖
장재원,대구광역시 달서구 구마로21길,매력
황득종,인천광역시 동구 우각로189번길,두려움
최대현,경기도 수원시 권선구 매탄로,대합실
지유천,충청남도 예산군 임성로23번길,서쪽
강인준,충청북도 괴산군 미선로,강당
주세원,경기도 용인시 기흥구 강남서로68번길,거짓
오재우,광주광역시 북구 동문대로121번길,마요네즈
박영빈,강원도 춘천시 삭주로94번길,공식적
우강훈,경기도 오산시 경기동로,매스컴
홍병철,부산광역시 강서구 신호산단2로27번길,핵심
전지빈,충청북도 제천시 제원로5길,호랑이
한재우,경기도 부천시 원미로8번길,언론
류선국,서울특별시 송파구 오금로34길,크림
임동성,충청남도 아산시 신정로327번길,오른발
오권후,울산광역시 울주군 신복1길,동화책
김성현,경상북도 영천시 북계길,음주
한태진,부산광역시 금정구 동현로,실장
서대건,서울특별시 성북구 고려대로7라길,디스크
남종민,충청북도 옥천군 가화1길,일시적
안지빈,서울특별시 강북구 인수봉로77길,하얀색
유광석,경기도 남양주시 경춘북로558번길,목숨
양혁범,서울특별시 중랑구 망우로80길,된장찌개
송기방,부산광역시 해운대구 해운대로608번길,생산
문재렬,경상남도 김해시 테크노밸리1로93번길,축구공
박지용,경상남도 하동군 아래몰길,존재
안광석,경상남도 창원시 진해구 소사천로40번길,카페
하동건,경상북도 구미시 인동중앙로13길,몸속
나우석,강원도 강릉시 새쪽1길,부끄러움
허세창,충청북도 청주시 서원구 서원남로44번길,정신과
고상우,서울특별시 관악구 양녕로6라길,그래픽
나석철,제주특별자치도 서귀포시 표선동서로181번길,햇살
배오성,경상북도 예천군 청운1리길,아이스크림
정성빈,경기도 성남시 분당구 발이봉로11번길,인도인
서선웅,서울특별시 동대문구 왕산로19가길,이발소
유민현,울산광역시 중구 해오름5길,팩시밀리
황재렬,경기도 안산시 단원구 큰우물길,생활비
이문학,대전광역시 중구 동서대로1340번길,양배추
백광민,부산광역시 사상구 낙동대로902번길,냉방
김득종,전라북도 김제시 종덕3길,시청자
정재형,대전광역시 중구 대종로565번길,지식인
신경환,경기도 부천시 소사로57번길,강물
이혁권,충청남도 부여군 사비로25번길,사무실
백구택,충청북도 증평군 증천길,하드웨어
권민상,충청남도 부여군 토동로19번길,상점
손명진,광주광역시 서구 유덕로27번길,큰길
허재은,경상남도 사천시 벌용1길,세트
우광재,경상남도 창원시 성산구 웅남로795번길,지능
양병은,경기도 부천시 부천로245번길,컴퓨터
진별은,제주특별자치도 제주시 선반로4길,손녀
안지홍,제주특별자치도 제주시 동문로21길,호텔
조도윤,서울특별시 관악구 호암로24길,행동
서천식,경기도 성남시 수정구 탄리로151번길,일반적
정경수,경상남도 산청군 둔철산로472번길,창조적
서정수,전라북도 김제시 요촌2길,코미디
문경남,울산광역시 북구 속심이길,일회용품
전정섭,경기도 용인시 수지구 동천로449번길,와인
황민석,부산광역시 강서구 공항로1281번길,이빨
전민호,경상남도 거제시 옥림4길,더위
진준호,인천광역시 강화군 동검길154번길,젊음
최동철,부산광역시 금정구 금정로9번길,기술자
최광민,경상북도 영주시 구성로43번길,코스
지오현,전라북도 완주군 제상로,터미널
지선익,경상남도 창원시 진해구 웅천서로113번길,크기
정선웅,전라북도 익산시 매교2길,올가을
배정원,전라북도 군산시 삼학안1길,며느리
양지훈,대구광역시 북구 연암공원로6길,마라톤
황일수,경기도 수원시 권선구 효탑로16번길,제과점
신상태,광주광역시 북구 군왕로46번길,근무
하용일,충청북도 제천시 월악로11길,표면
서천국,전라남도 영광군 샘목로5길,초상화
나대현,서울특별시 동작구 신대방16가길,일자리
곽세창,제주특별자치도 서귀포시 중산간서로651번길,승객
한구경,경기도 이천시 금전길,골목길
허희주,전라남도 목포시 원산정로55번길,넥타이
김제기,서울특별시 동대문구 천호대로24길,인물
서유천,인천광역시 연수구 청능대로23번길,약간
임동호,울산광역시 울주군 율현양달2길,식욕
서재렬,경상남도 진주시 외율길10번길,치즈
정도윤,경상북도 청송군 시릿골길,마음속
홍성종,경상남도 함안군 명관5길,어린아이
조태오,대전광역시 유성구 상대동로36번길,테니스
백영만,대구광역시 북구 오봉로2길,등산
유승완,전라남도 나주시 가운가동길,네거리
정영준,경기도 동두천시 삼육사로1262번길,주머니
서상원,경기도 연천군 두일로47번길,플라스틱
하도혁,제주특별자치도 제주시 애월로19길,기숙사
남용석,인천광역시 미추홀구 동주길,교육
고정웅,광주광역시 북구 능안로12번길,문제점
조문학,충청북도 충주시 무학3길,분노
나동철,서울특별시 용산구 독서당로5길,요청
박다빈,전라북도 전주시 완산구 작지길,부친
지희순,경기도 용인시 처인구 곡현로619번길,젓가락
차대곤,강원도 춘천시 삭주로,어젯밤
황석훈,경상남도 김해시 동남로585번길,관습
유창묵,경기도 성남시 분당구 대왕판교로606번길,오른손
하강현,경기도 안산시 단원구 와동1로,글쓰기
문종헌,전라북도 전주시 덕진구 추천6길,이것저것
조상경,서울특별시 구로구 구로동로47길,답변
류상남,경기도 이천시 설장로459번길,잔디
구수영,경상남도 양산시 물금역2길,남학생
성정민,전라남도 영광군 육창로3길,접시
나유천,충청북도 옥천군 향수3길,부작용
강신구,울산광역시 북구 연암7길,한구석
백현우,충청남도 서산시 탑곡고양동1길,별일
손방원,경기도 시흥시 동서로1051번길,돼지
류종민,경상북도 포항시 북구 장량로190번길,믿음
지요한,대구광역시 달서구 성서서로55길,명함
황동갑,충청남도 서천군 우라길197번길,커피
양규진,경기도 여주시 여흥로4번길,각국
우상균,서울특별시 중구 퇴계로81길,그동안
정서원,충청남도 천안시 서북구 군서3길,세탁소
황문식,경기도 과천시 광창2로,위주
남태환,대전광역시 유성구 대덕대로560번길,약속
안민석,부산광역시 연제구 묘봉산로9번길,종합
최원호,경상북도 고령군 독실길,여직원
김혁호,서울특별시 송파구 중대로,산부인과
하혁풍,경기도 수원시 권선구 세류로40번길,불고기
장재필,경기도 화성시 배양남길40번길,뒷문
양범수,서울특별시 용산구 대사관로34길,움직임
고혁민,대전광역시 동구 백룡로11번길,전화기
차국서,경기도 과천시 장군마을5길,콤플렉스
곽성호,충청북도 충주시 약막6길,며칠
민정민,경기도 고양시 일산서구 장자길118번길,여행사
정건도,경기도 수원시 장안구 수성로258번길,국회의원
배병은,전라북도 익산시 번영로6길,구석구석
전상원,경기도 양평군 성촌길40번길,아르바이트
장용석,대구광역시 남구 안지랑로8길,짐작
손성균,충청남도 예산군 대지한곡길,합리적
황국서,경상남도 김해시 서부로202번길,인삼차
전승현,경기도 광명시 기아로5번길,작년
백선준,부산광역시 사하구 대티로63번가길,구체적
안정원,전라남도 영광군 용성월산로,가톨릭
심정현,경상북도 구미시 조남로13길,느낌
황종민,인천광역시 중구 신도시북로88번길,실험
남인형,경상북도 포항시 남구 송정로9번길,검토
전병옥,충청북도 단양군 장림5길,절약
구병선,전라남도 곡성군 옥과7길,술집
장태환,충청남도 보령시 남당1길,에너지
윤민규,서울특별시 중랑구 봉화산로30길,출발
나원길,충청남도 태안군 터널길,비둘기
윤혁민,강원도 동해시 묵호시장길,초콜릿
박호근,경기도 양평군 금곡길50번길,긴장감
구모범,서울특별시 노원구 광운로2길,꼬마
정천식,경기도 부천시 정주로41번길,현관문
노제윤,강원도 강릉시 옛등대길,교통사고
성남현,대전광역시 중구 대종로606번길,장난감
한성호,전라남도 해남군 용덕농로1길,바구니
정혁풍,전라북도 순창군 어치길,술잔
오종찬,인천광역시 옹진군 장봉로238번길,쾌감
윤현민,전라북도 전주시 완산구 관선2길,중계방송
박정현,경기도 김포시 애기봉로774번길,건넌방
임은호,경기도 고양시 일산동구 은마길185번길,은행나무
전태산,경기도 남양주시 금강로영지동3길,떡국
배덕중,전라남도 순천시 충무공로,오른쪽
황원호,경기도 화성시 동화길,커튼
노본준,강원도 횡성군 노동로227번길,협력
정준열,경기도 시흥시 역전로313번길,공짜
정민교,울산광역시 남구 봉월로20번길,호주머니
홍기천,강원도 원주시 봉산2길,대사관
고세윤,전라북도 남원시 네마실3길,이념
구성균,경상남도 양산시 삼호11길,계층
유국서,전라남도 무안군 청계공단길,지난달
정진무,충청남도 보령시 현대로,이별
박천기,서울특별시 마포구 마포대로10길,국내외
유혁권,경상북도 구미시 신장4길,냉면
최정현,경기도 김포시 장차로,길거리
손동석,경상남도 김해시 송현로43번길,마음씨
권석철,서울특별시 관악구 신원로1길,출신
권충선,충청북도 충주시 산전장수1길,제삿날
노인배,경기도 고양시 일산동구 은행마을로6번길,강남
정기남,전라남도 곡성군 입석하입길,공통
황윤찬,서울특별시 관악구 관악로37길,올해
한형석,경기도 부천시 원미로281번길,미술
백신구,충청남도 서천군 신창서로,할아버지
허민기,전라북도 군산시 칠성안5길,의욕
장정식,광주광역시 서구 풍암1로,긴장
차기복,대구광역시 북구 오봉로21길,아이디어
심영만,경상남도 창원시 마산회원구 중리공단로6길,고속버스
심장수,충청남도 보령시 두만동길,밥맛
차재우,부산광역시 남구 유엔평화로41번길,관람객
김철현,서울특별시 노원구 덕릉로134가길,어머님
홍천국,서울특별시 강서구 화곡로53길,큰아들
류민석,경기도 용인시 처인구 경안천로122번길,침실
안신하,서울특별시 강동구 올림픽로89길,재활용
강종찬,부산광역시 북구 덕천로298번길,필요성
곽민식,경기도 의정부시 추동로96번길,벌금
전신구,경상북도 구미시 월림5길,경쟁력
차민상,강원도 강릉시 모산로268번길,학생증
황도신,강원도 홍천군 진여울길,드라마
구서원,경기도 군포시 대야2로67번길,십일월
우문학,강원도 인제군 기린로36번길,초등학교
최동신,강원도 홍천군 와동로219번길,이다음
서태우,대구광역시 서구 와룡로,엘리베이터
곽요한,충청북도 청주시 청원구 외남로63번길,마크
허구택,전라남도 영광군 동삼로4길,반죽
성진수,제주특별자치도 제주시 하가로2길,암컷
나정식,서울특별시 은평구 진흥로18길,사업가
이태인,전라남도 완도군 고금로1053번길,변동
임마리,경기도 양주시 평화로1576번길,뒷골목
배충선,전라남도 순천시 구표1길,지난주
오종철,경상남도 김해시 김해대로2611번길,물질적
성은석,경기도 화성시 포당길,설명
나혁권,서울특별시 송파구 가락로12길,계약
황영수,부산광역시 동래구 동래로205번길,백화점
신방원,경기도 남양주시 진건오남로42번길,새소리
오현민,부산광역시 해운대구 우동1로38번길,반대편
강태오,경상북도 울진군 후포8길,공통적
유성환,경상남도 진주시 속사길59번길,한잔
전마리,부산광역시 동래구 충렬대로331번길,대다수
한재진,경상북도 성주군 대가금산3길,전국적
정대환,대전광역시 서구 숭어리샘4길,찌꺼기
노병선,부산광역시 동구 정공단로11번길,상당수
구윤재,경상북도 청송군 구산북로,오랫동안
배종철,충청남도 서천군 선합장길53번길,물고기
황강현,강원도 춘천시 보매기1길,임신부
권기웅,경상북도 경주시 진현로2길,담당자
송천기,경상북도 문경시 장승백이2길,전문가
강동희,전라북도 정읍시 칠보송산1길,맞은편
안단율,서울특별시 구로구 고척로22길,양옆
한현우,강원도 강릉시 부기길2번길,일회용
오득종,충청북도 괴산군 중앙로교촌길,사회주의
류윤재,강원도 강릉시 옥천로19번길,파티
하충선,경기도 파주시 적서초교길,중학교
고명진,경기도 화성시 자울길,본래
장찬욱,경기도 용인시 처인구 지삼로533번길,수요일
안대현,부산광역시 남구 용호로123번가길,절대적
박득종,대구광역시 남구 용두방천2길,마련
우찬욱,경상북도 성주군 마월5길,심부름
지지원,경상남도 창원시 마산합포구 교방천북길,밥그릇
박상우,부산광역시 서구 임시수도기념로,보편적
임동수,제주특별자치도 제주시 정존13길,미디어
허영구,충청남도 서산시 호수공원7로,코끼리
곽동균,충청북도 청주시 흥덕구 봉명로198번길,주민
성영만,서울특별시 광진구 답십리로84길,주인공
최건도,충청남도 아산시 신운남길,평일
주문식,경상북도 청송군 도평안길,만약
한도완,경상남도 밀양시 법흥1길,사무소
유준목,부산광역시 부산진구 중앙대로743번길,서양인
주태수,경기도 광주시 도척로256번길,시민
강기천,경기도 광명시 범안로996번길,낚시
유성종,경기도 부천시 성오로89번가길,레스토랑
홍신일,광주광역시 남구 송암로130번길,빗줄기
구철현,부산광역시 남구 동명로101번다길,양파
홍병옥,경상남도 진주시 오방로409번길,재산
곽은호,경상남도 창원시 진해구 조천북로145번길,게시판
박두봉,충청남도 천안시 서북구 하야들길,아가씨
나진무,경기도 의왕시 백운중앙로5길,비누
하원섭,인천광역시 강화군 냉정길48번길,자전거
문범용,서울특별시 영등포구 영중로8길,보존
우재우,전라남도 함평군 그린3길,절반
임광영,경상북도 칠곡군 다부거문2길,잔디밭
조서하,강원도 원주시 오성마을길,음식점
이기천,대전광역시 중구 대흥로24번길,전반적
손종헌,서울특별시 금천구 탑골로3길,냉장고
차상경,충청북도 충주시 내포1길,일상적
장병춘,충청남도 홍성군 홍남서로,근거
배선은,부산광역시 중구 망양로270번길,하룻밤
손재우,인천광역시 남동구 예술로172번길,성질
우용우,경상남도 하동군 중하쌍길,이데올로기
양기복,경기도 하남시 동남로438번길,촬영
구인준,경상북도 울진군 박금소야로,수화기
고석철,충청남도 홍성군 홍남서로267번길,이웃집
윤태주,서울특별시 중랑구 중랑천로17가길,민주화
장주봉,전라남도 광양시 공영로,경기장
고기원,경기도 양평군 부리새마을4길,진짜
심철호,충청남도 보령시 남전길,역사적
백지혁,충청북도 영동군 장척길,고춧가루
정선준,경기도 양주시 은현로55번길,한밤중
서재광,경기도 이천시 황무로115번길,운전기사
남범준,부산광역시 수영구 수영로384번길,운동장
민태유,경상남도 창원시 마산합포구 진마대로,토요일
김도신,경상남도 산청군 산수로152번길,판결
황우진,강원도 삼척시 사대안길,직업
박강섭,대구광역시 남구 중앙대로45길,사투리
장형석,경기도 파주시 누현길,테스트
우경식,전라남도 화순군 노기길,의논
임상순,경기도 평택시 포승서로,오염
곽태인,제주특별자치도 서귀포시 말질로225번길,외할머니
백성빈,충청북도 보은군 거현1길,백성
서영동,경기도 김포시 가현로3번길,이날
심규식,강원도 춘천시 서부대성로184번길,비빔밥
주모범,경상북도 포항시 남구 효자동길1번길,왼쪽
구재필,전라남도 담양군 개동신기길,부분적
차성환,전라남도 완도군 청해진남로,출국
곽상균,경기도 용인시 처인구 봉무로,역할
우재필,서울특별시 중구 다산로39길,쓰레기
하종환,강원도 횡성군 강림북1길,영업
노덕중,경기도 용인시 처인구 백옥대로2402번길,행위
구유환,인천광역시 남동구 남동대로155번길,부정적
성성균,경기도 용인시 처인구 근창로,금요일
우희주,경기도 수원시 장안구 일월로66번길,평생
오승국,경상남도 통영시 봉수1길,시아버지
성신구,전라남도 나주시 태신길,직접
황사권,강원도 횡성군 수류암로193번길,마늘
손인준,부산광역시 기장군 산단7로,고속도로
한호근,대구광역시 달성군 달창로87길,가로등
나준석,서울특별시 마포구 마포대로,환율
차지후,경상북도 청송군 월막7길,초밥
심도완,인천광역시 강화군 교동동로,이사장
오성일,경기도 평택시 특구로9번길,한낮
장지일,경기도 부천시 송내대로42번길,슈퍼마켓
백태진,서울특별시 송파구 풍성로25길,판단
류세원,충청북도 청주시 서원구 성봉로242번길,아버지
장정수,충청북도 괴산군 모래재로시동1길,한계
남수영,충청북도 충주시 신호6길,코치
하혁민,경기도 화성시 귓골2길,고등학생
우희성,서울특별시 성북구 한천로76길,통과
심광민,충청남도 금산군 족실2길,정신적
심방원,경기도 의정부시 시민로254번길,부피
차한홍,충청남도 논산시 매죽헌로1723번길,택시
정승완,경기도 남양주시 광릉수목원로186번길,괴로움
전종찬,경상남도 의령군 벽화로6길,동료
주민호,경상남도 창원시 의창구 의창대로70번길,왼손
강광규,서울특별시 광진구 천호대로129길,저녁때
민재광,서울특별시 동작구 상도로34길,손님
최종찬,서울특별시 종로구 명륜4나길,탤런트
유영록,경기도 성남시 분당구 수내로192번길,장기적
민종원,서울특별시 서초구 동광로28길,채점
구상원,전라북도 전주시 덕진구 모래내10길,무용가
지혁현,대전광역시 유성구 유성대로250번길,바깥
조바다,경상북도 고령군 덕운로,대학생
구진무,경기도 시흥시 수인로3106번길,바보
양무열,서울특별시 동대문구 답십리로52길,말씀
구일택,경상북도 칠곡군 3산업단지4길,퇴근
윤용운,전라남도 목포시 삼향천로,오피스텔
곽지홍,경기도 이천시 샘재로147번길,늑대
문종민,충청북도 음성군 음성로645번길,첫날
남국서,부산광역시 수영구 구락로105번길,순위
허재광,충청북도 청주시 상당구 상당로14번길,남동생
조동철,서울특별시 강북구 삼양로54다길,사회학
주정철,서울특별시 구로구 디지털로34길,식용유
황두진,광주광역시 남구 난지실길,지속적
차용석,강원도 횡성군 수남로108번길,별똥별
주영운,대구광역시 동구 반야월로26길,부탁
유충선,전라북도 정읍시 외능길,웨이터
유지용,서울특별시 강동구 천중로33길,나머지
남재은,경기도 용인시 기흥구 한보라2로28번길,고생
강진승,경기도 고양시 일산서구 대산로388번길,인간관계
신한홍,전라남도 함평군 나산월봉길,교육자
안재은,충청남도 부여군 삼충로241번길,신체적
허동철,서울특별시 종로구 지봉로11길,분홍색
곽민호,울산광역시 중구 병영성1길,근본적
윤현중,경상북도 경산시 지식산업3로,최근
민혁범,전라북도 정읍시 육리5길,대답
장도형,전라남도 완도군 구도길,학용품
양성종,경기도 부천시 삼작로164번길,전날
백병춘,전라남도 고흥군 원오수길,안개
노종원,경기도 수원시 권선구 입북로43번길,체력
유용석,충청남도 보령시 남서1길,역사학
유광재,서울특별시 노원구 동일로241다길,밑바닥
구선웅,경기도 성남시 중원구 순환로198번길,담요
하건식,인천광역시 계양구 아나지로437번길,출발점
전대명,서울특별시 중랑구 동일로149길,와이셔츠
손종봉,서울특별시 중구 동호로8라길,바이러스
권보강,경기도 용인시 기흥구 평촌1로1번길,농민
이영만,경기도 양평군 뒷능길,꽃잎
남영만,대구광역시 달서구 달서대로88길,손발
전윤찬,경기도 평택시 학현2길,장모님
하현중,경상북도 포항시 남구 동해안로5886번길,발달
정상남,전라북도 군산시 광월안길,장난
배동건,서울특별시 중구 난계로23길,눈가
진상순,경기도 부천시 삼작로410번길,서민
권동욱,전라북도 고창군 엄동2길,메시지
황방원,전라남도 강진군 훈도동길,체육관
박보강,대구광역시 북구 연경중앙로4길,시댁
진서원,경기도 하남시 하남대로105번길,경제적
전윤희,부산광역시 동래구 온천천자전거길,머리칼
백진무,경상남도 고성군 부포1길,큰어머니
지도현,충청남도 서산시 쌍연북3길,미팅
홍찬우,전라남도 광양시 성황9길,이곳저곳
정태진,부산광역시 강서구 강동신덕3길,까만색
류기방,충청북도 제천시 내제로2길,리듬
정래원,경기도 수원시 영통구 신원로294번길,탄생
박유덕,경기도 성남시 중원구 둔촌대로248번길,변화
황일택,전라남도 여수시 마상포길,슬픔
배사권,전라남도 강진군 강성길,욕심
송웅기,인천광역시 부평구 신트리로46번길,한편
손인서,제주특별자치도 서귀포시 신서귀로76번길,텍스트
나남현,서울특별시 강서구 마곡중앙8로,체계적
안주봉,경기도 가평군 상지로,훈련
성준목,대전광역시 서구 갈마중로37번길,인체
나수영,전라남도 곡성군 석곡12길,동쪽
황바다,충청남도 서산시 송바위골길,형님
박기복,강원도 동해시 한섬해안길,캐릭터
장교환,경기도 화성시 홍난파길,다이어트
장석훈,경상북도 울진군 덕구온천로,씨앗
김병완,경상남도 양산시 소남2길,쓴맛
성동건,서울특별시 서초구 청두곶11길,피망
이민석,대전광역시 서구 도솔로322번길,한국어
민강현,서울특별시 성북구 보문로34길,참여
손규진,충청남도 금산군 월명동길,철학자
황동균,충청북도 음성군 상경북로,영화배우
전동영,광주광역시 동구 필문대로263번길,직장인
허사권,서울특별시 노원구 덕릉로122길,논쟁
신기복,충청남도 부여군 옥곡로,극작가
진혁권,충청남도 예산군 벚꽃로27번길,국제선
백제윤,전라북도 군산시 동정2길,정기적
전호근,전라북도 정읍시 태고로,스케이트
나지용,충청남도 서천군 문곡길134번길,세탁
권주한,대구광역시 남구 대명서3길,기원전
손동현,충청북도 청주시 서원구 수영로59번길,이슬
심현민,전라북도 완주군 신지암로,상대편
배득종,부산광역시 사하구 다대로385번안길,이론적
고윤재,부산광역시 영도구 절영로77번길,비극
고현우,전라북도 완주군 신지용복2길,연필
차제윤,서울특별시 강북구 4.19로11길,방송사
전동현,충청남도 공주시 신설동1길,횡단보도
손도윤,부산광역시 강서구 에코델타스마트로8길,재즈
정구택,충청북도 충주시 창밭길,필요
문지일,경상남도 창원시 의창구 대산북로893번길,최초
허철현,충청남도 태안군 정주내4길,영향력
성병선,경기도 광주시 도지울길13번길,흉내
한성균,부산광역시 영도구 청학북로,스웨터
양대환,강원도 춘천시 하중도길,남북
이종봉,충청북도 단양군 여울목2길,해외여행
